{
  "summary": {
    "episodes": 3,
    "mean_steps": 632.0,
    "std_steps": 475.17645845166476,
    "crashes": 2,
    "mean_speed": 0.27558964286014925
  },
  "steps": [
    659,
    37,
    1200
  ]
}