{
  "summary": {
    "episodes": 25,
    "mean_steps": 549.44,
    "std_steps": 403.64282032509885,
    "crashes": 16,
    "mean_speed": 0.2913719830937815
  },
  "steps": [
    570,
    243,
    676,
    203,
    1015,
    814,
    32,
    1070,
    195,
    261,
    75,
    100,
    1200,
    5,
    1200,
    1086,
    659,
    83,
    618,
    1200,
    219,
    677,
    207,
    554,
    774
  ]
}