{
  "summary": {
    "episodes": 100,
    "mean_steps": 17.02,
    "std_steps": 11.618932825350184,
    "crashes": 100,
    "mean_speed": 0.22838647433733805
  },
  "steps": [
    12,
    7,
    26,
    15,
    9,
    6,
    23,
    6,
    10,
    5,
    9,
    12,
    6,
    25,
    8,
    29,
    25,
    9,
    6,
    9,
    35,
    18,
    42,
    30,
    18,
    11,
    6,
    21,
    68,
    38,
    31,
    8,
    18,
    7,
    9,
    13,
    9,
    6,
    6,
    6,
    35,
    25,
    29,
    30,
    19,
    4,
    18,
    12,
    20,
    13,
    21,
    22,
    6,
    25,
    11,
    13,
    40,
    26,
    20,
    14,
    6,
    32,
    57,
    9,
    15,
    8,
    10,
    37,
    6,
    14,
    9,
    16,
    12,
    8,
    24,
    5,
    29,
    13,
    10,
    25,
    15,
    10,
    19,
    15,
    6,
    29,
    7,
    6,
    15,
    13,
    26,
    7,
    29,
    10,
    36,
    5,
    10,
    11,
    18,
    10
  ]
}