{
  "summary": {
    "episodes": 100,
    "mean_steps": 24.73,
    "std_steps": 29.113864394820556,
    "crashes": 100,
    "mean_speed": 0.2802143709836362
  },
  "steps": [
    117,
    7,
    24,
    12,
    6,
    10,
    62,
    5,
    14,
    34,
    38,
    119,
    6,
    11,
    157,
    43,
    6,
    17,
    10,
    8,
    5,
    20,
    21,
    5,
    4,
    8,
    14,
    74,
    27,
    8,
    12,
    16,
    9,
    9,
    23,
    29,
    6,
    6,
    5,
    101,
    41,
    23,
    8,
    9,
    11,
    7,
    7,
    9,
    15,
    24,
    85,
    68,
    5,
    7,
    26,
    108,
    38,
    10,
    4,
    6,
    32,
    20,
    56,
    19,
    17,
    18,
    82,
    7,
    12,
    9,
    9,
    12,
    22,
    12,
    27,
    11,
    13,
    8,
    7,
    10,
    14,
    7,
    9,
    31,
    28,
    15,
    14,
    36,
    11,
    7,
    11,
    16,
    21,
    14,
    6,
    39,
    3,
    67,
    93,
    9
  ]
}