{
  "summary": {
    "episodes": 25,
    "mean_steps": 18.08,
    "std_steps": 14.24337038765755,
    "crashes": 25,
    "mean_speed": 0.20774681531629416
  },
  "steps": [
    6,
    8,
    21,
    20,
    16,
    5,
    6,
    8,
    13,
    11,
    20,
    39,
    17,
    41,
    27,
    15,
    19,
    18,
    13,
    28,
    8,
    6,
    10,
    70,
    7
  ]
}