{
  "summary": {
    "episodes": 25,
    "mean_steps": 780.08,
    "std_steps": 536.2475488055866,
    "crashes": 24,
    "mean_speed": 0.20292137774542568
  },
  "steps": [
    113,
    1200,
    1200,
    1200,
    1200,
    77,
    1200,
    865,
    1200,
    69,
    1200,
    1200,
    120,
    67,
    1200,
    74,
    1200,
    1200,
    1200,
    1200,
    7,
    1200,
    57,
    1200,
    53
  ]
}