{
  "summary": {
    "episodes": 100,
    "mean_steps": 608.57,
    "std_steps": 428.93678450326456,
    "crashes": 51,
    "mean_speed": 0.27392475391272786
  },
  "steps": [
    130,
    29,
    857,
    199,
    1231,
    401,
    663,
    244,
    96,
    580,
    581,
    1055,
    43,
    617,
    1610,
    1341,
    78,
    746,
    1043,
    1172,
    614,
    861,
    489,
    463,
    983,
    141,
    80,
    53,
    805,
    544,
    492,
    158,
    602,
    82,
    1123,
    667,
    500,
    1145,
    246,
    642,
    187,
    173,
    726,
    215,
    978,
    1314,
    87,
    614,
    1410,
    109,
    524,
    534,
    843,
    414,
    1032,
    63,
    894,
    896,
    179,
    716,
    219,
    141,
    658,
    987,
    136,
    258,
    175,
    1140,
    69,
    638,
    745,
    61,
    252,
    99,
    639,
    69,
    312,
    1395,
    50,
    1382,
    101,
    508,
    212,
    1231,
    1033,
    1309,
    1159,
    862,
    1228,
    1129,
    870,
    130,
    958,
    1036,
    1399,
    420,
    157,
    688,
    948,
    740
  ]
}