{
  "summary": {
    "episodes": 3,
    "mean_steps": 144.33333333333334,
    "std_steps": 51.09685791600976,
    "crashes": 3,
    "mean_speed": 0.2670865192663712
  },
  "steps": [
    170,
    190,
    73
  ]
}