{
  "summary": {
    "episodes": 100,
    "mean_steps": 92.97,
    "std_steps": 47.94297758796381,
    "crashes": 100,
    "mean_speed": 0.39921470503050427
  },
  "steps": [
    169,
    94,
    26,
    118,
    51,
    133,
    72,
    78,
    63,
    21,
    163,
    189,
    129,
    166,
    89,
    110,
    117,
    71,
    27,
    80,
    31,
    157,
    23,
    33,
    34,
    182,
    25,
    124,
    72,
    56,
    75,
    163,
    52,
    45,
    144,
    84,
    78,
    103,
    83,
    87,
    69,
    69,
    44,
    200,
    102,
    63,
    65,
    136,
    176,
    67,
    140,
    129,
    149,
    11,
    28,
    127,
    48,
    200,
    54,
    64,
    56,
    105,
    50,
    46,
    92,
    81,
    49,
    115,
    35,
    145,
    95,
    55,
    118,
    27,
    89,
    96,
    84,
    73,
    199,
    198,
    55,
    101,
    78,
    79,
    67,
    57,
    156,
    72,
    52,
    87,
    143,
    72,
    128,
    105,
    99,
    128,
    159,
    159,
    18,
    116
  ]
}